	ru_toxic_comment	ru_neutral_comment
0	"–Ø –ø–æ—Å–º–æ—Ç—Ä–µ–ª —Å–≤–æ–∏ —Ñ–æ—Ç–∫–∏ –≤ ""twitter"" –∏ –ø–æ–Ω—è–ª, —á—Ç–æ —Ñ–æ—Ç–∫–∞—é —Å—é–¥–∞ –≤—Å—è–∫—É—é —Ö—É–µ—Ç—É :|"	"–Ø –ø–æ—Å–º–æ—Ç—Ä–µ–ª —Å–≤–æ–∏ —Ñ–æ—Ç–∫–∏ –≤ ""twitter"" –∏ –ø–æ–Ω—è–ª, —á—Ç–æ —Ñ–æ—Ç–∫–∞—é —Å—é–¥–∞ –≤—Å—è–∫—É—é –µ—Ä—É–Ω–¥—É :|"
1	—ç—Ç–æ —á—Ç–æ –∑–∞ –µ–±–∞–Ω—É—Ç—ã–π –Ω–∞ –≤—ã—Å–æ—Ç–µ?	–≠—Ç–æ —á—Ç–æ –∑–∞ —á–µ–ª–æ–≤–µ–∫ –Ω–∞ –≤—ã—Å–æ—Ç–µ?
2	–ê–Ω–¥—Ä–µ–π –≤–æ–æ–±—â–µ –∑–∞—Å—Ä–∞–Ω–µ—Ü,–Ω–µ –¥–∞–ª –æ–±–ª–æ–∫–æ—Ç–∏—Ç—Å—è –Ω–∞ –Ω–µ–≥–æ((	–ê–Ω–¥—Ä–µ–π –ø–ª–æ—Ö–æ–π, –Ω–µ –¥–∞–ª –æ–±–ª–æ–∫–æ—Ç–∏—Ç—Å—è –æ–± –Ω–µ–≥–æ.
3	—Ö–æ—á—É –º–Ω–æ–≥–æ –ø–æ–¥–∞—Ä–∫–æ–≤, –º–∏–ª–æ—Å—Ç–µ–π –∏ –ø—Ä–∞–∑–¥–Ω–∏—á–Ω–æ–π –∞—Ç–º–æ—Å—Ñ–µ—Ä—ã, –∞ –Ω–µ —Ö—É–π —Ö—É–π —Ö—É–π :(	–•–æ—á—É –º–Ω–æ–≥–æ –ø–æ–¥–∞—Ä–∫–æ–≤, –º–∏–ª–æ—Å—Ç–µ–π –∏ –ø—Ä–∞–∑–¥–Ω–∏—á–Ω–æ–π –∞—Ç–º–æ—Å—Ñ–µ—Ä—ã, –∞ –Ω–µ —ç—Ç–æ
4	—ç—Ç–æ —á—Ç–æ –∑–∞ –∫—É—Ä–≤–∞ –≤ –∫–æ—Ç–µ–ª–∫–µ?	–ß—Ç–æ –∑–∞ –¥–µ–≤—É—à–∫–∞ –≤ –∫–æ—Ç–µ–ª–∫–µ?
5	–ø–∏–¥–æ—Ä —Å—Ç—Ä–∞–Ω–∞ –Ω—É –ø–æ —Ç–æ–º—É —á—Ç–æ –∫—Ç–æ —É —Ä—É–ª—è	–°—Ç—Ä–∞–Ω–∞ —Ç–∞–∫–∞—è, –ø–æ—Ç–æ–º—É —á—Ç–æ –∫—Ç–æ —É –≤–ª–∞—Å—Ç–∏ - —Ç–æ
6	–ï–ú–£ –£–õ–´–ë–ö–ê –ò–î–ï–¢,–ê –¢–ê–ö –ù–ò–¢(((	–ï–ú–£ –£–õ–´–ë–ö–ê –ò–î–ï–¢
7	—Ç—É–ø–∏—Ü–∞ –ª—É—á—à–µ –ø—Ä–∏—Å—Ç—Ä–µ–ª–∏—Ç—å 10 –∏ –æ—Å—Ç–∞–ª—å–Ω–æ–µ —Å—Ç–∞–¥–æ —É–±–µ–∂–∏—Ç, —á–µ–º –ø–æ–ª—É—á–∏—Ç—å –≥—Ä–∞–∂–¥–∞–Ω—Å–∫—É—é –≤–æ–π–Ω—É –∏ –≥–¥–µ —É–∂–µ –ø–æ–≥–∏–±–Ω—É—Ç —Ç—ã—Å—è—á–∏	–õ—É—á—à–µ –ø—Ä–∏—Å—Ç—Ä–µ–ª–∏—Ç—å 10 –∏ –æ—Å—Ç–∞–ª—å–Ω—ã–µ —É–±–µ–≥—É—Ç, —á–µ–º –ø–æ–ª—É—á–∏—Ç—å –≥—Ä–∞–∂–¥–∞–Ω—Å–∫—É—é –≤–æ–π–Ω—É –∏ –≥–¥–µ —É–∂–µ –ø–æ–≥–∏–±–Ω—É—Ç —Ç—ã—Å—è—á–∏
8	–∞ –≤–∞–∑ —ç—Ç–æ —É–µ–±–∏—â–µ –Ω–µ –æ–±–æ–≥–Ω–∞—Ç—å –Ω–µ –≤ –∞–≤–∞—Ä–∏–∏ –≤—ã–∂–∏—Ç—å	–∞ –≤–∞–∑ –Ω–µ –æ–±–æ–≥–Ω–∞—Ç—å –Ω–µ –≤ –∞–≤–∞—Ä–∏–∏ –≤—ã–∂–∏—Ç—å
9	–Ø –æ–ø—è—Ç—å –ø—Ä–æ–µ–±–∞–ª 19–∫.–ù–∞–¥–æ –æ—á–µ–Ω—å –ø–æ—Å—Ç–∞—Ä–∞—Ç—å—Å—è –∏ –Ω–µ –ø—Ä–æ–µ–±–∞—Ç—å 20–∫.–ß—Ç–æ –∂ —è –∑–∞ –ª–æ—à–∞—Ä–∞ —Ç–∞–∫–æ–π?(((	–Ø –æ–ø—è—Ç—å —Å–ø—É—Å—Ç–∏–ª 19–∫.–ù–∞–¥–æ –æ—á–µ–Ω—å –ø–æ—Å—Ç–∞—Ä–∞—Ç—å—Å—è –∏ –Ω–µ —Å–ø—É—Å—Ç–∏—Ç—å 20–∫.–ß—Ç–æ –∂ —è –∑–∞ –Ω–µ—É–¥–∞—á–Ω–∏–∫ —Ç–∞–∫–æ–π?(((
10	–ø–∏–∑–¥—é–∫–∏, –¥–∞–∂–µ webmoney —É –Ω–∏—Ö –Ω–µ—Ç :(	–î–∞–∂–µ web money —É –Ω–∏—Ö –Ω–µ—Ç—É
11	–Ø–ñ–ò–í–£–í–°–¢–†–ê–•–ï –ù–ù–ï–ï–ê–í–ò–ñ–£ –ö–û–ù–ï–¶ –°–ï–ú–ï–°–¢–†–ê!!!!:(	–Ø –∂–∏–≤—É –≤ —Å—Ç—Ä–∞—Ö–µ,–Ω–µ–ª—é–±–ª—é –∫–æ–Ω–µ—Ü —Å–µ–º–µ—Å—Ç—Ä–∞.
12	–∏ —ç—Ç–æ—Ç –≤ –¥–µ–ø—É—Ç–∞—Ç—ã –ª–µ–∑–∏—Ç –Ω—É –∫–∞–∫ –Ω–µ –∞–ª–∫–∞—à —Ç–∞–∫ –ø–∏–¥–∞—Ä–∞—Å –ø–æ–∑–æ—Ä–∏—â–µ –ø–µ–ª –±—ã —Å–≤–æ–∏ —Å—Ä–∞–Ω—ã–µ –ø–µ—Å–Ω–∏ —á–º–æ—à–Ω–∏–∫	–∏ –ø–µ–≤–µ—Ü —Ö–æ—á–µ—Ç —Å—Ç–∞—Ç—å –¥–µ–ø—É—Ç–∞—Ç–æ–º, –ª—É—á—à–µ –±—ã –ø–µ—Å–Ω–∏ –ø–µ–ª
13	–≥–µ—Ä–æ–π –±—É–¥–∞–Ω–æ–≤ –∞ –∫–µ—Ä–∂–∞–∫–æ–≤ —Ö—É–π.–æ —Å –º–∏–ª–ª–∏–æ–Ω–∞–º–∏ –∑–∞—Ä–ø–ª–∞—Ç—ã!!!!!	–ì–µ—Ä–æ–π –ë—É–¥–∞–Ω–æ–≤, –∞ –ö–µ—Ä–∂–∞–∫–æ–≤ –Ω–µ—Ç, –Ω–æ —Å –º–∏–ª–ª–∏–æ–Ω–Ω–æ–π –∑–∞—Ä–ø–ª–∞—Ç–æ–π!
14	–∞ —á–µ –Ω–µ –ø—Ä–µ–¥–ª–æ–∂–∏–ª —É–º–µ–Ω—å—à–∏—Ç—å,–ø–∏–¥–æ—Ä.	–ê —á–µ –Ω–µ –ø—Ä–µ–¥–ª–æ–∂–∏–ª —É–º–µ–Ω—å—à–∏—Ç—å
15	–î–∞ –≤–æ—Ç –Ω–µ –∏–Ω—Ç–µ—Ä–µ—Å–Ω–æ —Ç–∞–∫ –≤–æ–æ–±—â–µ . –ù–µ–Ω–∞–≤–∏–∂—É —Ç–µ–±—è ! –ü—Ä–∏—à–µ–ª —É—à–µ–ª !–ö–∞–∫ —è –Ω–∞—á–∞–ª–∞ ! –ü–∏–∑–¥–µ—Ü !–ë–µ—Å–∏—à—å !–ê–∞:(	–î–∞ –≤–æ—Ç –Ω–µ –∏–Ω—Ç–µ—Ä–µ—Å–Ω–æ —Ç–∞–∫ –≤–æ–æ–±—â–µ. –ü—Ä–∏—à–µ–ª —É—à–µ–ª !–ö–∞–∫ —è –Ω–∞—á–∞–ª–∞ ! –ê–∞:(
16	–Ω–∞–∫–æ–Ω–µ—Ü-—Ç–æ –∑–∞–∫–æ–Ω—á–∏–ª —á–∏—Å—Ç–∏—Ç—å —ç—Ç–æ—Ç —ë–±–∞–Ω—ã–π —Å–Ω–µ–≥. –ò–∑-–∑–∞ –Ω–µ–≥–æ –ø—Ä–æ–ø—É—Å—Ç–∏–ª –≤—Ä–µ–º—è –∑–∞–≥–∞–¥—ã–≤–∞—Ç—å –∂–µ–ª–∞–Ω–∏—è . –í—Å–µ –ø–∏–∑–¥–µ—Ü —è –±—É–¥—É –Ω–µ—Å—á–∞—Å—Ç–µ–Ω (((	–ù–∞–∫–æ–Ω–µ—Ü-—Ç–æ –∑–∞–∫–æ–Ω—á–∏–ª —á–∏—Å—Ç–∏—Ç—å —ç—Ç–æ—Ç –¥—É—Ä–∞—Ü–∫–∏–π —Å–Ω–µ–≥, –∏–∑ –∑–∞ –Ω–µ–≥–æ –ø—Ä–æ–ø—É—Å—Ç–∏–ª –≤—Ä–µ–º—è –∑–∞–≥–∞–¥—ã–≤–∞—Ç—å –∂–µ–ª–∞–Ω–∏–µ. –í—Å–µ –∫–∞–ø–µ—Ü —è –±—É–¥—É –Ω–µ—Å—á–∞—Å—Ç–µ–Ω
17	–î–∞ –Ω–µ –±—É–¥—É —è —Ç–µ–±–µ –Ω–∏—Ö—É—è –∏—Å–∫–∞—Ç—å, –æ–±—â–µ–∏–∑–≤–µ—Å—Ç–Ω–∞—è –∏–Ω—Ñ–∞	–î–∞ –Ω–µ –±—É–¥—É —è —Ç–µ–±—è –∏—Å–∫–∞—Ç—å, –æ–±—â–µ–∏–∑–≤–µ—Å—Ç–Ω–∞—è –∏–Ω—Ñ–∞
18	–≤–æ—Ç –ø—Ä–∏–¥—ë—Ç –∫–∞–∫–æ–π –Ω–∏–±—É–¥—å —Ö–µ—Ä, –∏ –≤—Å—ë –∏—Å–ø–æ—Ä—Ç–∏—Ç!( —Ç—é-—Ç—é –º–∞–Ω–∏-–º–∞–Ω–∏(	–í–æ—Ç –ø—Ä–∏–¥—ë—Ç –∫–∞–∫–æ–π-–Ω–∏–±—É–¥—å –Ω–µ—Ö–æ—Ä–æ—à–∏–π —á–µ–ª–æ–≤–µ–∫ –∏ –≤—Å—ë –∏—Å–ø–æ—Ä—Ç–∏—Ç! –ù–µ—Ç –¥–µ–Ω–µ–≥ (
19	–Ø –ü–†–ò–®–ï–õ!!!!! –ë–õ–Ø, –ò–ó–í–ò–ù–Ø–Æ–°–¨ –ß–¢–û –î–û–õ–ì–û (((	–Ø –ü–†–ò–®–ï–õ!!!!! –ò–ó–í–ò–ù–Ø–Æ–°–¨ –ß–¢–û –î–û–õ–ì–û (((
20	–±–µ—Å–∏—Ç –∫–æ–≥–¥–∞ —á—Ç–æ —Ç–æ –Ω–µ –ø–æ–ª—É—á–∞–µ—Ç—Å—è =(((( –≤—Å–µ –≤ –∂–æ–ø—É –ø–∏–∑–¥–µ—Ü	–±–µ—Å–∏—Ç –∫–æ–≥–¥–∞ —á—Ç–æ —Ç–æ –Ω–µ –ø–æ–ª—É—á–∞–µ—Ç—Å—è =((((
21	–ì–æ—Å–ø–æ–¥–∏ –µ—â–µ –∏ —Å–µ—Ä—å–∫–æ –∑–¥–µ—Å—å.......(  –ü*–∑–¥–µ—Ü	–ì–æ—Å–ø–æ–¥–∏ –µ—â–µ –∏ —Å–µ—Ä—å–∫–æ –∑–¥–µ—Å—å.......(  –° —É–º–∞ —Å–æ–π—Ç–∏
22	–∏–º–µ–Ω–Ω–æ —Å–µ–π—á–∞—Å –ø—Ä–∏—Å–ø–∏—á–∏–ª–æ –ø–æ—Å–º–æ—Ç—Ä–µ—Ç—å –≤ –æ–∫–Ω–æ!!!! —Å—É–∫–∞... —è –ø–ª–∞—á—É((	–∏–º–µ–Ω–Ω–æ —Å–µ–π—á–∞—Å –ø—Ä–∏—Å–ø–∏—á–∏–ª–æ –ø–æ—Å–º–æ—Ç—Ä–µ—Ç—å –≤ –æ–∫–Ω–æ!!!! —è –ø–ª–∞—á—É((
23	—Ç–≤–∞—Ä–∏ –µ–±—É—á–∏–µ, —Å—É–∫–∞ –≥–¥–µ —Å—Ç–∞—Ç—å—è –≤–∞—à–∞?	–≥–¥–µ —Å—Ç–∞—Ç—å—è –≤–∞—à–∞
24	–∫–∞–∫ –∑–∞–¥–æ–ª–±–∞–ª —ç—Ç–æ—Ç –µ–∂–µ–¥–Ω–µ–≤–Ω—ã–π —Å–ø–∞–º, –∏ –ø—Ä–∏–¥—É—Ä–∫–∏, —Ä–∞–¥—É—é—â–∏–µ—Å—è —Å–ø–∞–º—É! –ø–æ—á–µ–º—É –≥–Ω—É—Å–Ω—ã—Ö —Å–ø–∞–º—â–∏–∫–æ–≤ –∏ –∏—Ö –ª–∏–∑–æ–±–ª—é–¥–æ–≤ –Ω–µ –±–ª–æ–∫–∏—Ä—É—é—Ç?	–ú–Ω–µ –Ω–∞–¥–æ–µ–ª –µ–∂–µ–¥–Ω–µ–≤–Ω—ã–π —Å–ø–∞–º, –∏ —Ç–µ, –∫—Ç–æ –µ–≥–æ —Ä–∞—Å—Å—ã–ª–∞—é—Ç. –ü–æ—á–µ–º—É –∏—Ö –Ω–µ –±–ª–æ–∫–∏—Ä—É—é—Ç?
25	–°–∏–¥–µ—Ç—å —Ç—Ä–∏ –ø–∞—Ä—ã –∏ —Å–ª—É—à–∞—Ç—å –∫–∞–∫–æ–π —è –¥–µ–±–∏–ª,—á—ë –Ω–µ —Å–¥–µ–ª–∞–µ—à—å —Ä–∞–¥–∏ –µ–±–∞–Ω–æ–≥–æ –∑–∞—á–µ—Ç–∞(	–°–∏–¥–µ—Ç—å —Ç—Ä–∏ –ø–∞—Ä—ã –∏ —Å–ª—É—à–∞—Ç—å –∫–∞–∫–æ–π —è –≥–ª—É–ø—ã–π,—á—Ç–æ –Ω–µ —Å–¥–µ–ª–∞–µ—à—å —Ä–∞–¥–∏ –∑–∞—á–µ—Ç–∞(
26	—è –Ω–µ–Ω–∞–≤–∏–∂—É —ç—Ç–æ –ì–ò–ê!!!!!!!!!!!! –ü—Ä–æ—Å—Ç–æ  –Ω–æ –Ω–∞–¥–æ –¥–µ–ª–∞—Ç—å.........(	–Ø –Ω–µ –ª—é–±–ª—é —ç—Ç–æ –ì–ò–ê!!!!!!!!!!!!!!!!–ü—Ä–æ—Å—Ç–æ –Ω–æ –Ω–∞–¥–æ –¥–µ–ª–∞—Ç—å
27	–§–ê–ê–ê–ö ! –ê–ê–ê–ê –ù–ï–ï–ï–ï–¢ –¢–û–õ–¨–ö–û –ù–ï –≠–¢–û–û–û !!!! –ú–û–ï–ì–û –ü–õ–ê–¢–¨–Ø –ù–ï–¢–£ :((( –ì–î–ï –Ø –ù–ê–ô–î–£ –¢–ê–ö–û–ï –ñ–ï !!!???? –ë–õ–Ø–Ø–Ø–Ø , –¢–û–õ–¨–ö–û –ù–ï –û–ù–û !! –ü–û–ß–ï–ú–£ –ò–ú–ï–ù–ù–û –û–ù–û ??	–ê–ê–ê–ê –ù–ï–ï–ï–ï–¢ –¢–û–õ–¨–ö–û –ù–ï –≠–¢–û–û–û !!!! –ú–û–ï–ì–û –ü–õ–ê–¢–¨–Ø –ù–ï–¢–£ :((( –ì–î–ï –Ø –ù–ê–ô–î–£ –¢–ê–ö–û–ï –ñ–ï !!!???? –¢–û–õ–¨–ö–û –ù–ï –û–ù–û !! –ü–û–ß–ï–ú–£ –ò–ú–ï–ù–ù–û –û–ù–û ??
28	–≤ –±—É–∫–≤–∞–ª—å–Ω–æ–º —Å–º—ã—Å–ª–µ —Ç–∞–∫–∞—è —Å—Ç—Ä–∞–Ω–∞! –ø–∏–¥–æ—Ä—ã –≤–æ –≤–ª–∞—Å—Ç–∏!	–í –±—É–∫–≤–∞–ª—å–Ω–æ–º —Å–º—ã—Å–ª–µ —Ç–∞–∫–∞—è —Å—Ç—Ä–∞–Ω–∞! –í–æ –≤–ª–∞—Å—Ç–∏ –Ω–µ –¥–æ—Å—Ç–æ–π–Ω—ã–µ –ª—é–¥–∏
29	–∞–∞–∞–∞ , –±–ª**********—Ç—å, –µ–±*—É–ª—Å—è –æ–± –≥–∞–Ω–µ–ª—å–∫—É ((	–∞–∞–∞–∞ , –±–æ–ª—å–Ω–æ, —Å—Ç—É–∫–Ω—É–ª —è –æ–± –≥–∞–Ω–µ–ª—å–∫—É ((
30	20 –ª–µ—Ç –ø—Ä–æ—Ä—ã–≤–æ–≤ –∏ —Ä—ã–≤–∫–æ–≤ –≤ –∏—Ç–æ–≥–µ –≤ –ø–æ–ª–Ω–æ–≤ –≥–æ–≤–Ω–µ.–æ–¥–Ω–æ —Å–ª–æ–≤–æ –ø–∏–∑–¥–æ–±–æ–æ–ª –∏ —Ç—Ä–µ–ø–ª–æ	–î–≤–∞–¥—Ü–∞—Ç—å
31	–°–¢–û–ô, –£ –ú–ï–ù–Ø –í–û–¢ –ù–ï–¢ –†–ò–°–£–ù–ö–û–í, –í–û–¢ –Ø –ò –ù–ï –ö–ò–ù–£–õ(((	–°—Ç–æ–π —É –º–µ–Ω—è –≤–æ—Ç –Ω–µ—Ç —Ä–∏—Å—É–Ω–∫–æ–≤, –≤–æ—Ç —è –∏ –Ω–µ –∫–∏–Ω—É–ª
32	–æ–¥–Ω–∞–∫–æ —Å–µ–≤–µ—Ä–Ω—É—é –∫–æ—Ä–µ—é –∫–∞–∫ —Ä–∞–∑ –ø–∏–Ω–¥–æ—Å—ã –≤–∑—è—Ç—å –∏ –Ω–µ —Å–º–æ–≥–ª–∏)))	–û–¥–Ω–∞–∫–æ —Å–µ–≤–µ—Ä–Ω—É—é –∫–æ—Ä–µ—é –∫–∞–∫ —Ä–∞–∑ –∞–º–µ—Ä–∏–∫–∞–Ω—Ü—ã –≤–∑—è—Ç—å –∏ –Ω–µ —Å–º–æ–≥–ª–∏
33	–ï–ë–ê–¢–¨, –ß–¢–û –°–õ–£–ß–ò–õ–û–°–¨ –° –ú–û–ò–ú –¢–í–ò–¢–¢–ï–†–û–ú? O_O	–ß—Ç–æ —Å–ª—É—á–∏–ª–æ—Å—å —Å –º–æ–∏–º —Ç–≤–∏—Ç—Ç–µ—Ä–æ–º –û_–û
34	–ü—Ä–æ—á–∏—Ç–∞–ª–∞ –ø–∏—Å—å–º–æ –û—Ö–ª–æ–±—ã—Å—Ç–∏–Ω–∞ –∫ –ø—Ä–µ–∑–∏–¥–µ–Ω—Ç—É. –ñ–∞–ª—å,—á—Ç–æ –í–∞–Ω—è –æ–∫–∞–∑–∞–ª—Å—è —Ç–∞–∫–∏–º –Ω–∞—Å—Ç–æ—è—â–∏–º –±–æ–µ–≤—ã–º –ø–∏–¥–æ—Ä–∞—Å–æ–º:(  #‚Ä¶	–ü—Ä–æ—á–∏—Ç–∞–ª–∞ –ø–∏—Å—å–º–æ –û—Ö–ª–æ–±—ã—Å—Ç–∏–Ω–∞ –∫ –ø—Ä–µ–∑–∏–¥–µ–Ω—Ç—É. –ñ–∞–ª—å,—á—Ç–æ –í–∞–Ω—è –æ–∫–∞–∑–∞–ª—Å—è –Ω–µ –ø—Ä–∞–≤.
35	–Ω–µ –ø–∏–∑–¥–µ—Ç—å - —ç—Ç–æ —É–¥–µ–ª –¥–µ–ø—É—Ç–∞—Ç–æ–≤ –∏ –º–∏–Ω–∏—Å—Ç—Ä–æ–≤	–ù–µ –≤—Ä–∞—Ç—å —ç—Ç–æ —É–¥–µ–ª –¥–µ–ø—É—Ç–∞—Ç–æ–≤ –∏ –º–∏–Ω–∏—Å—Ç—Ä–æ–≤
36	–æ—Ç–∫—É–¥–∞ –≤—ã –±–ª—è–¥–∏ –± –µ—Ä–µ—Ç–µ—Å—å	–û—Ç–∫—É–¥–∞ –∂–µ –≤—ã –±–µ—Ä–µ—Ç–µ—Å—å?
37	—Å–∞–º–∞—è —Ö—É–µ–≤–∞—è –Ω–æ–≤–æ—Å—Ç—å –∑–∞ –ø–æ—Å–ª–µ–¥–Ω–µ–µ –≤—Ä–µ–º—è:(	–°–∞–º–∞—è –ø–ª–æ—Ö–∞—è –Ω–æ–≤–æ—Å—Ç—å –∑–∞ –ø–æ—Å–ª–µ–¥–Ω–µ–µ –≤—Ä–µ–º—è
38	–¢–≤–æ—é –º–∞—Ç—å! –ó–∞ —á—Ç–æ –±–ª—è—Ç—å? –°–æ–ø–ª–µ–π –∏ –∫–∞—à–ª—è –º–∞–ª–æ,—Ç–µ–ø–µ—Ä—å –≥–ª–∞–∑–∞ –Ω–∞—á–∞–ª–∏ –≥–Ω–æ–∏—Ç—å—Å—è!!! –û–Ω –∏—Ö –æ—Ç–∫—Ä—ã—Ç—å –Ω–µ –º–æ–∂–µ—Ç( –≤—Å–µ —Ç–∞–∫ –≤–æ –≤—Ä–µ–º—è!	–°–æ–ø–ª–µ–π –∏ –∫–∞—à–ª—è –º–∞–ª–æ, —Ç–µ–ø–µ—Ä—å –≥–ª–∞–∑–∞ –Ω–∞—á–∞–ª–∏ –≥–Ω–æ–∏—Ç—å—Å—è. –û–Ω –∏—Ö –æ—Ç–∫—Ä—ã—Ç—å –Ω–µ –º–æ–∂–µ—Ç. –í—Å—ë —Ç–∞–∫ –≤–æ –≤—Ä–µ–º—è.
39	—ç—Ç–æ –∂–æ–ø–∞ –º–∏—Ä–∞! –¥–∏–µ—Ç–æ–ª–æ–≥–∞ –≤ —Å—Ç—É–¥–∏—é!!!! –∏ –ø–∞—Ä–∏–∫–º–∞—Ö–µ—Ä–∞!!!! –¥–µ–Ω—å–≥–∏ –µ—Å—Ç—å, –Ω–æ –Ω–∞ —Å–µ–±—è –Ω–µ —Ç—Ä–∞—Ç–∏—Ç, –∫–æ–ø–∏—Ç, –∂–¥–µ—Ç))))))))))))))	–¥–∏–µ—Ç–æ–ª–æ–≥–∞ –≤ —Å—Ç—É–¥–∏—é!!!! –∏ –ø–∞—Ä–∏–∫–º–∞—Ö–µ—Ä–∞!!!! –¥–µ–Ω—å–≥–∏ –µ—Å—Ç—å, –Ω–æ –Ω–∞ —Å–µ–±—è –Ω–µ —Ç—Ä–∞—Ç–∏—Ç, –∫–æ–ø–∏—Ç, –∂–¥–µ—Ç))))))))))))))
40	–ú–µ–Ω—è –ø–æ—Ç–æ–º —Ä–∞–∑–≤–æ–∑–∏—Ç,–∫–∞–∫ –≥–æ–≤–Ω–æ –ø–æ –ø–µ–Ω—å–∫—É((	–ú–µ–Ω—è –ø–æ—Ç–æ–º —Å–∏–ª—å–Ω–æ —Ä–∞–∑–≤–æ–∑–∏—Ç.
41	–Ω–∞–π—Ç–∏ —ç—Ç–æ–≥–æ –º—É–∂—á–∏–Ω—É –∏ –æ—Ç–æ—Ä–≤–∞—Ç—å –µ–º—É –µ–≥–æ –ø–æ—Ç—Ä—è—Ö—É—à–∫–∏	–ù–∞–π—Ç–∏ —ç—Ç–æ–≥–æ –º—É–∂—á–∏–Ω—É –∏ –Ω–∞–∫–∞–∑–∞—Ç—å
42	–ê–•–ê–•–ê–•–•–ê–§–ê–ö–§–ê–ê–ê–ê–ê–ê–ê–ö–Æ–õ–Ø–ú–ù–ï –ù–ê–î–û –°–¢–ò–• –£–ß–ò–¢–¨–§–ê–ê–ê–ê–ê–ê–ê–ê–ê–ê–ê–ê–ê–ê–ê–ê–ê–ö–ê–•–ê–•–•–ê–•–ê–•:(–Ø –ü–û–®–ï–õ–ù–û–ß–¨ –ë–£–î–ï–¢ –í–ï–°–ï–õ–û–ô	–ú–Ω–µ –Ω–∞–¥–æ —Å—Ç–∏—Ö —É—á–∏—Ç—å( —è –ø–æ—à—ë–ª,–Ω–æ—á—å –±—É–¥–µ—Ç –≤–µ—Å–µ–ª–æ–π
43	–Ω–∞–∑—ã–≤–∞–π—Ç–µ –≤–µ—â–∏ —Å–≤–æ–∏–º–∏ –∏–º–µ–Ω–∞–º–∏ ,–¥–≤–∞ –ø–∏–¥–æ—Ä–∞ –Ω–∞ –ª—É–∂–∞–π–∫–µ	–ù–∞–∑—ã–≤–∞–π—Ç–µ –≤–µ—â–∏ —Å–≤–æ–∏–º–∏ –∏–º–µ–Ω–∞–º–∏
44	37 –≤—ã–ª–µ—Ç–æ–≤ –∑–∞ 10 –º–∏–Ω—É—Ç!!!!! —Å–æ—Å–∏—Ç–µ –∂–æ–ø—É —Ç–≤–∞—Ä–∏	37
45	–¥–∞ –Ω–∞–¥–æ –±—ã–ª–æ –µ –º—É –∫–∞–∫ —à–∏—Ä–æ–∫–æ–≤ –∑–∞–µ–±–∞—à–∏—Ç—å –ø—Ä—è–º –Ω–∞ –ø–æ–ª–µ:-dÔªø	–¥–∞ –Ω–∞–¥–æ –±—ã–ª–æ –µ–º—É –∫–∞–∫ —à–∏—Ä–æ–∫–æ–≤ –∑–∞–±–∏—Ç—å –ø—Ä—è–º –Ω–∞ –ø–æ–ª–µ
46	–∏,—á—ë,–±–ª—è–¥—å –≥–¥–µ —ç—Ç–æ—Ç —Ö–µ—Ä–æ–π –±—ã–ª –¥–æ —ç—Ç–æ–≥–æ —Å–æ —Å–≤–æ–∏–º–∏ –¥–æ–∫–∞–∑–∞—Ç–µ–ª—å—Å—Ç–≤–∞–º–∏?	–∏,–≥–¥–µ —ç—Ç–æ—Ç –≥–µ—Ä–æ–π –±—ã–ª –¥–æ —ç—Ç–æ–≥–æ —Å–æ —Å–≤–æ–∏–º–∏ –¥–æ–∫–∞–∑–∞—Ç–µ–ª—å—Å—Ç–≤–∞–º–∏?
47	- —É —Ç–µ–±—è —É–∂–µ –±–æ—Ä–æ–¥–∞ —Ä–∞—Å—Ç—ë—Ç...- –Ω—É —Ç–∞–∫ –ø—Ñ- –∞ —è —Å –ø–∏–¥–æ—Ä—Å–∫–∏–º–∏ —É—Å–∏–∫–∞–º–∏ —Ö–æ–∂—É((....- –í–û–¢ –ü–ï–†–ï–°–¢–ê–ù–ï–®–¨ –ü–ò–ö–ê–¢–¨ –¢–†–£–ù–î–ê - –í–´–†–ê–°–¢–ï–¢!- –ê–•–ê–•–ê–•- –ê–•–•–ê–•	–£ —Ç–µ–±—è —É–∂–µ –±–æ—Ä–æ–¥–∞ —Ä–∞—Å—Ç—ë—Ç - –Ω—É —Ç–∞–∫ –ø—Ñ - –∞ —è —Å —É—Å–∏–∫–∞–º–∏ —Ö–æ–∂—É - –≤–æ—Ç –ø–µ—Ä–µ—Å—Ç–∞–Ω–µ—à—å –ø–∏–∫–∞—Ç—å - –≤—ã—Ä–∞—Å—Ç–µ—Ç
48	–ú–∏—Ä –Ω–µ—Å–ø—Ä–∞–≤–µ–¥–ª–∏–≤:( —è –Ω–µ–Ω–∞–≤–∏–∂—É —Å–≤–æ—é —Å–ø–∏–Ω—É —Ç—Ç—Ç—Ç –Ω–µ.–Ω–∞.–≤–∏.–∂—É. —Å—É–∫–∞, –æ—Ç–≤–∞–ª–∏—Å—å –Ω–∞—Ö—É–π.	–ú–∏—Ä –Ω–µ—Å–ø—Ä–∞–≤–µ–¥–ª–∏–≤,–Ω–µ –ª—é–±–ª—é —Å–≤–æ—é —Å–ø–∏–Ω—É ,–æ—Ç–≤–∞–ª–∏—Å—å
49	–û–ù –í–ê–ü–©–ò –î–≠–ë–ò–õ(((( –ù–ò–ì–†–ê–ú–û–¢–ù–´–ô(	–û–Ω –≤–æ–æ–±—â–µ –Ω–µ –≥—Ä–∞–º–æ—Ç–Ω—ã–π
50	–ë–ª—è—è—è –î–æ—Ç–∞ –Ω–µ —Ä–∞–±–æ—Ç–∞–µ—Ç , –≤—Å—ë –ø–∏–∑–¥–µ—Ü , —Ç–µ–ø–µ—Ä—å –Ω–æ—á–∞–º–∏ —Å–ø–∞—Ç—å –ø—Ä–∏–π–¥—ë—Ç—å—Å—è(	–î–æ—Ç–∞ –Ω–µ —Ä–∞–±–æ—Ç–∞–µ—Ç, —Ç–µ–ø–µ—Ä—å –ø–æ –Ω–æ—á–∞–º —Å–ø–∞—Ç—å –ø—Ä–∏–¥—ë—Ç—Å—è (
51	–æ –ø–æ–¥–æ–∑—Ä–∏—Ç–µ–ª—å–Ω—ã—Ö –Ω–∞–∫–æ–ø–ª–µ–Ω–∏—è—Ö —É –≥—Ä–∞–∂–¥–∞–Ω –±—É–¥—É—Ç –∏–∑—ã–º–∞—Ç—å—Å—è –≤ –ø–µ–Ω—Å–∏–æ–Ω–Ω—ã–π —Ñ–æ–Ω–¥!! –≤–æ–æ–±—â–µ –æ—Ö—É–µ–ª–∏!! –Ω–∞–¥–æ —á—Ç–æ-—Ç–æ —Å —ç—Ç–∏–º–∏ –ø–∏–¥–∞—Ä–∞—Å–∞–º–∏ –¥–µ–ª–∞—Ç—å.	–û –ø–æ–¥–æ–∑—Ä–∏—Ç–µ–ª—å–Ω—ã—Ö –Ω–∞–∫–æ–ø–ª–µ–Ω–∏—è—Ö —É –≥—Ä–∞–∂–¥–∞–Ω –±—É–¥—É—Ç –∏–∑—ã–º–∞—Ç—å—Å—è –≤ –ø–µ–Ω—Å–∏–æ–Ω–Ω—ã–π —Ñ–æ–Ω–¥!! –≤–æ–æ–±—â–µ –æ–±–∞–ª–¥–µ–ª–∏! –Ω–∞–¥–æ —á—Ç–æ-—Ç–æ —Å —ç—Ç–∏–º–∏  –¥–µ–ª–∞—Ç—å.
52	–°–£–ö–ê –°–£–ö–ê,–Ω—É –ø–æ—á–µ–º—É —è –æ–ø—è—Ç—å –ø—Ä–æ–ø–∞–ª–∞ ((—É–∂–µ –æ–±–∏–¥–Ω–æ	–ü–æ—á–µ–º—É —è –æ–ø—è—Ç—å –ø—Ä–æ–ø–∞–ª–∞, –æ–±–∏–¥–Ω–æ
53	–Ø —Å—É–∫–∞ –Ω–µ –∑–Ω–∞—é —á—Ç–æ –º–Ω–µ –¥–µ–ª–∞—Ç—å(((( —Å–µ–π—á–∞—Å –∑–∞–Ω–æ—é	–Ø –Ω–µ –∑–Ω–∞—é —á—Ç–æ –º–Ω–µ –¥–µ–ª–∞—Ç—å(((( —Å–µ–π—á–∞—Å –∑–∞–Ω–æ—é
54	–ü–ò–°–ï–¶, –ê –Ø –î–ò–ë–ò–õ –ú–ù–ï –ü–†–ï–î–õ–ê–ì–ê–õ–ò –í –ö–ê–§–ï –ô–¢–ò, –ê –Ø –ù–ï –ü–û–®–ï–õ(((	–ú–ù–ï –ü–†–ï–î–õ–ê–ì–ê–õ–ò –í –ö–ê–§–ï –ô–¢–ò, –ê –Ø –ù–ï –ü–û–®–ï–õ((
55	–≤ —É–∫—Ä–∞–∏–Ω–µ –≤—Å–µ–º—É –ø–∏–∑–¥–∞..–≤—Å—ë –≤ –ø–æ–ª—å—à–µ, —Ç–∞–º –æ–Ω–∏ –ø–ª–∞—Ç—è—Ç –Ω–∞–ª–æ–≥–∏..	–í –£–∫—Ä–∞–∏–Ω–µ –≤—Å–µ–º—É –ø–ª–æ—Ö–æ..–≤—Å–µ –≤ –ü–æ–ª—å—à–µ, —Ç–∞–º –æ–Ω–∏ –ø–ª–∞—Ç—è—Ç –Ω–∞–ª–æ–≥–∏..
56	–° –î–† –ß–£–í–ê–ê–ê–ê–ö!!11! –°–ß–ê–°–¢–¨–Ø –¢–ï–ë–Ø, –®–õ–Æ–•, –ù–ê–†–ö–û–¢–´, –ë–£–•–õ–ê –ò –ï–î–ò–ù–û–†–û–ì–û–í :–∑	–° –î–† –ß–£–í–ê–ê–ê–ê–ö!!1!!!–°—á–∞—Å—Ç—å—è —Ç–µ–±–µ, –∂–µ–Ω—â–∏–Ω, –∫–∞–π—Ñ–∞, –∞–ª–∫–æ–≥–æ–ª—è –∏ –µ–¥–∏–Ω–æ—Ä–æ–≥–æ–≤
57	–ø–∏–∑–¥–µ—Ü :(–ö—É–¥–∞ –∫–∞—Ç–∏—Ç—Å—è –º–∏—Ä :/	–ö—É–¥–∞ –∫–∞—Ç–∏—Ç—Å—è –º–∏—Ä
58	—Ö–æ—Ç–µ–ª –Ω–∞–ø–∏—Å–∞—Ç—å –ø—Ä–æ —É—Ä–±–∞–Ω–∏—Å—Ç–æ–≤ –∏ –ø–∏–¥–æ—Ä–∞—Å–æ–≤, –Ω–æ –ø–µ—Ä–µ–¥—É–º–∞–ª :(	–Ø —Ö–æ—Ç–µ–ª –Ω–∞–ø–∏—Å–∞—Ç—å –ø—Ä–æ —É—Ä–∞–±–∞–Ω–∏—Å—Ç–æ–≤ –∏ –≥–µ–µ–≤,–Ω–æ –ø–µ—Ä–µ–¥—É–º–∞–ª
59	—Ç—ã –¥–æ–ª–±–æ–µ–± –≤—Å–µ —Ç–µ–±–µ –Ω–µ –Ω—Ä–∞–≤–∏—Ç—Å—è	–≤—Å–µ —Ç–µ–±–µ –Ω–µ –Ω—Ä–∞–≤–∏—Ç—Å—è
60	–ö–∞–∫–∞—è –∂–µ —è –ª–µ–Ω–∏–≤–∞—è –∂–æ–ø–∞(( –Ω–∞–¥–æ –∑–∞–≤—è–∑—ã–≤–∞—Ç—å!!!!	–ö–∞–∫–∞—è –∂–µ —è –ª–µ–Ω–∏–≤–∞—è((–Ω–∞–¥–æ –∑–∞–≤—è–∑—ã–≤–∞—Ç—å!!!!
61	–≤–æ–æ–±—â–µ –∫–æ–Ω—á–µ–Ω—ã–π —É—Ä–æ–¥, –Ω—É –ø–æ –º–æ—Ä–¥–µ –Ω–∞—Å—Ç—É—á–∏, –∑–∞—á–µ–º –±—Ä–∞—Ç—å —Ç–æ–ø–æ—Ä –∏ —É–±–∏–≤–∞—Ç—å —Ç–æ!	–ó–∞—á–µ–º –±—Ä–∞—Ç—å —Ç–æ–ø–æ—Ä –∏ —É–±–∏–≤–∞—Ç—å —Ç–æ?
62	–∑–∞–µ–±–∏—Å—å.. —Å—Å–æ—Ä–∏—Ç—Å—è –Ω–µ —Ö–æ—Ç–µ–ª–∞(–∏ –Ω–∞–¥–µ—é—Å—å —ç—Ç–æ –Ω–µ —Ç–∞–∫	–°—Å–æ—Ä–∏—Ç—Å—è –Ω–µ —Ö–æ—Ç–µ–ª–∞. –ò –Ω–∞–¥–µ—é—Å—å —ç—Ç–æ –Ω–µ —Ç–∞–∫
63	–¢–∏–ø–∏—á–Ω—ã–π –≤–∞—Ç–Ω–æ-–∫–æ–º–º–∏ —Å–∫–æ—Ç, –∫–æ—Ç–æ—Ä—ã–π –ø—Ä–∏–≤—ã–∫ –∫ —Ç–æ–º—É —á—Ç–æ –≤—Å—ë –æ–±—â–µ—Å—Ç–≤–µ–Ω–Ω–æ–µ –Ω–∏—á—å—ë. –ú–∞–ª–æ–ª–µ—Ç–Ω—è—è –ø—Ä–æ–º—ã—Ç–∫–∞ –¥–∞–∂–µ –ø—Ä–æ —Å—É–±–±–æ—Ç–Ω–∏–∫–∏ –Ω–∏–∫–æ–≥–¥–∞ –Ω–µ —Å–ª—ã—à–∞–ª–∞.	–¢–∏–ø–∏—á–Ω—ã–π –ø—Ä–µ–¥—Å—Ç–∞–≤–∏—Ç–µ–ª—å, –∫–æ—Ç–æ—Ä—ã–π —Å—á–∏—Ç–∞–µ—Ç, —á—Ç–æ –≤—Å√´ –æ–±—â–µ—Å—Ç–≤–µ–Ω–Ω–æ–µ - –Ω–∏—á—å√´. –ê —ç—Ç–∞ –¥–µ–≤–∏—Ü–∞ —Å–∫–æ—Ä–µ–µ –≤—Å–µ–≥–æ –Ω–µ —Å–ª—ã—à–∞–ª–∞ –ø—Ä–æ —Å—É–±–±–æ—Ç–Ω–∏–∫–∏...
64	–í –æ–±—â–µ–º –∏ —Ü–µ–ª–æ–º, –∫–æ—á—É–π –Ω–∞—Ö—É–π, –¥–µ–±–∏–ª—å–Ω–æ–µ –∂–∏–≤–æ—Ç–Ω–æ–µ	–í –æ–±—â–µ–º –∏ —Ü–µ–ª–æ–º –æ—Ç—Å—Ç–∞–Ω—å
65	–†–ï–®–ò–õ–ê –ó–ê–†–ê–ù–ò–ï –ï–ì–û –ü–û–ó–î–†–ê–í–ò–¢–¨..–í–û–ó–ú–û–ñ–ù–û –í –≠–¢–û–¢ –î–ï–ù–¨ –ù–ï –°–ú–û–ì–£(((	—Ä–µ—à–∏–ª–∞ –∑–∞—Ä–∞–Ω–µ–µ –µ–≥–æ –ø–æ–∑–¥—Ä–∞–≤–∏—Ç—å...–≤–æ–∑–º–æ–∂–Ω–æ –≤ —ç—Ç–æ—Ç –¥–µ–Ω—å –Ω–µ —Å–º–æ–≥—É
66	–∏–¥–∏—Ç–µ –Ω–∞ —Ö—É–π —Å–æ —Å–≤–æ–∏–º–∏ –≤–∏–¥–µ–æ—Ä–∞—Å—Å–ª–µ–¥–æ–≤–∞–Ω–∏—è–º–∏	–ù–µ –Ω—É–∂–Ω—ã –≤–∞—à–∏ –≤–∏–¥–µ–æ—Ä–∞—Å—Å–ª–µ–¥–æ–≤–∞–Ω–∏—è
67	–ù–∞ —ç—Ç—É –ø–µ—Å–Ω—é –µ—Å—Ç—å —É–∂–µ –ø—Ä–µ–∫—Ä–∞—Å–Ω—ã–π –∫–∞–≤–µ—Ä –Ω–∞ —Ä—É—Å—Å–∫–æ–º –ö–æ–∂–∞–Ω—ã–π –û–ª–µ–Ω—å - –ê—Ñ–∞–Ω–∞—Å–∏–π-–±–æ–º–∂ –û—Ö –µ–Ω–Ω—ã–π —Ç—Ä–µ–∫)	–ù–∞ —ç—Ç—É –ø–µ—Å–Ω—é –µ—Å—Ç—å —É–∂–µ –ø—Ä–µ–∫—Ä–∞—Å–Ω—ã–π –∫–∞–≤–µ—Ä –ö–æ–∂–∞–Ω—ã–π –û–ª–µ–Ω—å -–ê—Ñ–∞–≥–∞—Å–∏–π ,—á–µ–ª–æ–≤–µ–∫,–∫–æ—Ç–æ—Ä–æ–º—É –Ω–µ–≥–¥–µ –∂–∏—Ç—å –æ–±–∞–ª–¥–µ–Ω–Ω—ã–π —Ç—Ä–µ–∫
68	–ª—É–∫–∞—à–µ–Ω–∫–æ –¥–µ—Ä–∂–∏—Å—å !!!!–≥–∞–≤–Ω–æ –≤—ã—à–ª–æ –ø–∏–∑–¥–µ—Ç—å,—Ç—ã –∑–∞ –Ω–∞—Ä–æ–¥	–ª—É–∫–∞—à–µ–Ω–∫–æ –¥–µ—Ä–∂–∏—Å—å !!!! –¢—ã –∑–∞ –Ω–∞—Ä–æ–¥
69	–ò—Å–∫—Ä–µ–Ω–Ω–µ –∂–µ–ª–∞—é,—á—Ç–æ–± –Ω–∞—à–ª–∏—Å—å —Ö–æ–∑—è–µ–≤–∞.–í–∞—Å –ø–æ–Ω–∏–º–∞—é,–Ω–µ –ª–µ–≥–∫–æ –≤–∞–º.–ü—É—Å—Ç—å –≤—Å–µ —Ä–µ—à–∏—Ç—Å—è –¥–æ–±—Ä–æ–º!!!	–ò—Å–∫—Ä–µ–Ω–Ω–µ –∂–µ–ª–∞—é, —á—Ç–æ–± –Ω–∞—à–ª–∏—Å—å —Ö–æ–∑—è–µ–≤–∞. –í–∞—Å –ø–æ–Ω–∏–º–∞—é, –Ω–µ –ª–µ–≥–∫–æ –≤–∞–º. –ü—É—Å—Ç—å –≤—Å–µ —Ä–µ—à–∏—Ç—Å—è –¥–æ–±—Ä–æ–º!!!
70	–ø–∞—Ü–∞–Ω—ã —Ä–µ–¥–∫–æ—Å—Ç–Ω—ã–µ –¥–∞–ª–±–∞–µ–±—ã –≤ –≤–æ–ø—Ä–æ—Å–∞—Ö –æ—Ç–Ω–æ—à–µ–Ω–∏–π =(	–ü–∞—Ü–∞–Ω—ã –Ω–µ –≤–ª–∞–¥–µ—é—Ç –∏–Ω—Ñ–æ—Ä–º–∞—Ü–∏–µ–π –≤ –≤–æ–ø—Ä–æ—Å–∞—Ö –æ—Ç–Ω–æ—à–µ–Ω–∏–π
71	—Å—Ç–∞—Ä—à–∏–Ω–∞ –¥–æ–ª–±–æ–µ–± –ø—Ä–æ–≥–∏–±–∞–µ—Ç—Å—è ,–∞ –æ—Ñ–∏—Ü–µ—Ä—ã –¥–æ–ª–±–∞—ë–± –≤ –ø–æ–¥–¥–µ—Ä–∂–∏–≤–∞—é—Ç.	–°—Ç–∞—Ä—à–∏–Ω–∞ –ø—Ä–æ–≥–∏–±–∞—Ç—å—Å—è, –∞ –æ—Ñ–∏—Ü–µ—Ä—ã –ø–æ–¥–¥–µ—Ä–∂–∏–≤–∞—é—Ç
72	—Å–≤–æ–ª–æ—á–∏!!! –∏—Ö –±—ã –≤ –ø–æ–ª–µ –Ω–∞ –ø—Ä–æ–ø–æ–ª–∫—É –∏ –±–µ–∑ –ø–µ–Ω—Å–∏–∏!!!	–∏—Ö –±—ã –≤ –ø–æ–ª–µ –Ω–∞ –ø—Ä–æ–ø–æ–ª–∫—É –∏ –±–µ–∑ –ø–µ–Ω—Å–∏–∏!!!
73	–ê –ú–ù–ï –ü–û–†–û–ô –¢–ê–ö –•–û–ß–ï–¢–°–Ø –ü–û–¶–ï–õ–û–í–ê–¢–¨....–ù–û –ï–ì–û –£–ñ–ï –¶–ï–õ–£–ï–¢ –î–†–£–ì–ê–Ø((((	–∞ –º–Ω–µ –ø–æ—Ä–æ–π —Ç–∞–∫ —Ö–æ—á–µ—Ç—Å—è –ø–æ—Ü–µ–ª–æ–≤–∞—Ç—å –Ω–æ –µ–≥–æ —É–∂–µ —Ü–µ–ª—É–µ—Ç –¥—Ä—É–≥–∞—è
74	–ü–ò–°–ï–¶, –ê –Ø –î–ò–ë–ò–õ –ú–ù–ï –ü–†–ï–î–õ–ê–ì–ê–õ–ò –í –ö–ê–§–ï –ô–¢–ò, –ê –Ø –ù–ï –ü–û–®–ï–õ(((	–∫–∞–ø–µ—Ü, –º–Ω–µ –ø—Ä–µ–¥–ª–∞–≥–∞–ª–∏ –≤ –∫–∞—Ñ–µ –ø–æ–π—Ç–∏, –∞ —è –æ—Ç–∫–∞–∑–∞–ª—Å—è, –¥—É—Ä–∞–∫
75	–∑–∞–≤—Ç—Ä–∞ —Å —É—Ç—Ä–∞ –æ–ø—è—Ç—å –ø–∏–∑–¥–æ—Å –Ω–∞—á–Ω–µ—Ç—Å—è(( –ø–µ—Ä–µ–ø–∏—Å–∞—Ç—å –∫–æ–Ω—Å–ø–µ–∫—Ç—ã –ø–æ –±—É	–ó–∞–≤—Ç—Ä–∞ —Å —É—Ç—Ä–∞ —Å–Ω–æ–≤–∞ –ø—Ä–∏–¥–µ—Ç—Å—è –ø–µ—Ä–µ–ø–∏—Å—ã–≤–∞—Ç—å –∫–æ–Ω—Å–ø–µ–∫—Ç—ã
76	–º—ã—à–∫–∞ –ø–∏–¥–∞—Ä–∞—Å–∫–∞ –≥–ª—é—á–∏—Ç,–Ω–µ–≤–æ–∑–º–æ–∂–Ω–æ –∏–≥—Ä–∞—Ç—å!(((	–ú—ã—à–∫–∞ –Ω–µ —Ä–∞–±–æ—Ç–∞–µ—Ç, –Ω–µ–≤–æ–∑–º–æ–¥–Ω–æ –∏–≥—Ä–∞—Ç—Ç
77	–æ—á–µ–Ω—å —Ö–æ—á–µ—Ç—Å—è –æ—Ç–æ—Ä–≤–∞—Ç—å —ç—Ç–æ–º—É —É—Ä–æ–¥—É –≥–æ–ª–æ–≤—É,üëé üëé üëé	–û—á–µ–Ω—å —Ö–æ—á–µ—Ç—Å—è –µ–≥–æ –Ω–∞–∫–∞–∑–∞—Ç—å
78	"–ï–©–ï –ò –ì–û–†–õ–û –ó–ê–ë–û–õ–ï–õ–û!!! –í–û–û–ë–©–ï ""–ê–•–£–ï–ï–ï–ï–ï–ù–ù–û"":((((((((((((((((–ù–ò–ß–ï–ì–û –î–ï–õ–ê–¢–¨ –ù–ï –ë–£–î–£ –ù–ê–•–ï–†!!!! :((((((((((((((((((((("	"–ï–©–ï –ò –ì–û–†–õ–û –ó–ê–ë–û–õ–ï–õ–û!!! –í–û–û–ë–©–ï ""–ó–ê–ú–ï–ß–ê–¢–ï–õ–¨–ù–û"":((((((((((((((((–ù–ò–ß–ï–ì–û –î–ï–õ–ê–¢–¨ –ù–ï –ë–£–î–£!!!! :((((((((((((((((((((("
79	–û–ø—è—Ç—å –ø–æ—Ç—è–Ω—É–ª—Å—è –±–ª—è –∏ –æ–ø—è—Ç—å –ø–æ—Ä–≤–∞–ª —Ä—É–±–∞—à–∫—É —Å—É–∫–∞(	–û–ø—è—Ç—å –ø–æ—Ç—è–Ω—É–ª—Å—è –∏ –æ–ø—è—Ç—å –ø–æ—Ä–≤–∞–ª —Ä—É–±–∞—à–∫—É(
80	—ç—Ç–æ–π –ø—É—á–∫–µ –¥–∞–≤–Ω–æ –ø–æ—Ä–∞ –∑–∞–∫—Ä—ã—Ç—å –ø–æ–≥–∞–Ω—ã–π —Ä–æ—Ç.	–ï–π –¥–∞–≤–Ω–æ –ø–æ—Ä–∞ —É—Ç–∏—Ö–æ–º–∏—Ä–∏—Ç—å—Å—è
81	–∞ —ç—Ç–æ–º—É –≥—Ä–∞–∂–¥–∞–Ω–∏–Ω—É –≤—Å–µ –ø–æ —Ö—É–π –∫–ª–∞–ª –æ–Ω –Ω–∞ –≤—Å–µ—Ö –Ω–∞—Å	–ê —ç—Ç–æ–º—É –≥—Ä–∞–∂–¥–∞–Ω–∏–Ω—É –≤—Å—ë —Ä–∞–≤–Ω–æ –Ω–∞ –Ω–∞—Å –Ω–∞ –≤—Å–µ—Ö
82	—Ç–∞–∫–∏—Ö —É—Ä–æ–¥–æ–≤ —Ç–æ–ª—å–∫–æ –º–æ–∂–Ω–æ –≤—Å—Ç—Ä–µ—Ç–∏—Ç—å –≤ —ç–ª–∏—Ç–µ –æ–ª–∏–≥–∞—Ä—Ö–æ–≤	–¢–∞–∫–∏—Ö –ª—é–¥–µ–π —Ç–æ–ª—å–∫–æ –º–æ–∂–Ω–æ –≤—Å—Ç—Ä–µ—Ç–∏—Ç—å –≤ —ç–ª–∏—Ç–µ –æ–ª–∏–≥–∞—Ä—Ö–æ–≤
83	–ú–Ω–µ —Å–∞–º–æ–º—É –Ω–∞–¥–æ–µ–ª–∞ –≤—Å—è —ç—Ç–∞ —Ö—É–π–Ω—è –ø—Ä–æ –Ω–≥.–ù–æ –±–ª—è...–≤—Å–µ –∫—É–¥–∞-—Ç–æ –∏–¥—É—Ç,–∞ —è –±—É–¥—É –¥–æ–º–∞ —Å–∏–¥–µ—Ç—å :(	–ú–Ω–µ —Å–∞–º–æ–º—É –Ω–∞–¥–æ–µ–ª–∞ –≤—Å—è —ç—Ç–∞ —Å–∏—Ç—É–∞—Ü–∏—è —Å–≤—è–∑–∞–Ω–Ω–∞—è —Å –ù–ì. –í—Å–µ –∫—É–¥–∞-—Ç–æ –∏–¥—É—Ç, –∞ —è –±—É–¥—É –¥–æ–º–∞ —Å–∏–¥–µ—Ç—å
84	–£ –Ω–∏—Ö –æ—Ç –≤–µ–≥–∞–Ω—Å—Ç–≤–∞, —Å–æ–≤—Å–µ–º –º–æ–∑–≥–∏ –≤—ã—Å–æ—Ö–ª–∏	"–ò–º –≤–µ–≥–∞–Ω—Å—Ç–≤–æ –Ω–µ –ø–æ—à–ª–æ –Ω–∞ –ø–æ–ª—å–∑—É –æ—Ç —Å–ª–æ–≤–∞ ""—Å–æ–≤—Å–µ–º""."
85	–ü–∏–∑–¥–µ–µ—Ü,—è –°–∞—à—É —Ç–æ–ª—å–∫–æ —á–µ—Ä–µ–∑ –Ω–µ–¥–µ–ª—é —É–≤–∏–∂—É,–∞–∞–∞–∞–∞–∞,—è –∂ —Å —É–º–∞ —Å–æ–π–¥—É((	–ë–µ–¥–∞, —è –°–∞—à—É —Ç–æ–ª—å–∫–æ —á–µ—Ä–µ–∑ –Ω–µ–¥–µ–ª—é —É–≤–∏–∂—É,–∞–∞–∞–∞–∞–∞,—è –∂ —Å —É–º–∞ —Å–æ–π–¥—É((
86	–ö–∞—Ç—é—à–∞ —Ö—É—é—à–∞, —è –Ω–µ –∑–Ω–∞–∞–∞–ª, —á—Ç–æ —Å–µ–≥–æ–¥–Ω—è —Ç–≤–æ–π –¥–µ–Ω—å( –° –ø—Ä–∞–∑–¥–Ω–∏–∫–æ–º –µ–ø—Ç	–ö–∞—Ç—é—à–∞ , —è –Ω–µ –∑–Ω–∞–∞–∞–ª, —á—Ç–æ —Å–µ–≥–æ–¥–Ω—è —Ç–≤–æ–π –¥–µ–Ω—å( –° –ø—Ä–∞–∑–¥–Ω–∏–∫–æ–º
87	"–°–£–ö–ê.–¢–£–ü–õ–Æ –ë–õ–Ø –ù–ê–•–£–ô.–ü–û–î ""–ó–ê–ö–†–´–¢–¨ –¢–í–ò–¢–¢–ï–†"" –ü–û–î–†–ê–ó–£–ú–ï–í–ê–õ –£–î–ê–õ–ò–¢–¨ –ï–ì–û((( –ï–ë–ê–¢–¨ –¢–£–ü–õ–Æ –°–£–ö–ê"	"–¢—É–ø–ª—é, –ø–æ–¥ ""–∑–∞–∫—Ä—ã—Ç—å —Ç–≤–∏—Ç—Ç–µ—Ä"" –ø–æ–¥—Ä–∞–∑—É–º–µ–≤–∞–ª —É–¥–∞–ª–∏—Ç—å –µ–≥–æ"
88	–∑–∞–∂—Ä–∞–ª–∏—Å—å –¥–µ–ø—É—Ç–∞—Ç—ã —É–∂–µ –∏—Ö —Ç–≤–∞—Ä–µ–π –Ω–∞ –∑–∞–≤–æ–¥ –æ—Ç–ø—Ä–∞–≤–∏—Ç—å –∞ —Ä–∞–±–æ—Ç—è–≥–∞ –Ω–∞ –∏—Ö –¥–æ–ª–∂–Ω–æ—Å—Ç—å –≤–æ—Ç —Ç–æ–≥–¥–∞ –±—É–¥–µ—Ç —Ç–æ–ª–∫	–ó–∞–µ–ª–∏—Å—å –¥–µ–ø—É—Ç–∞—Ç—ã —É–∂–µ –∏—Ö –ª—é–¥–µ–π –Ω–∞ –∑–∞–≤–æ–¥ –æ—Ç–ø—Ä–∞–≤–∏—Ç—å –∞ —Ä–∞–±–æ—Ç—è–≥–∏ –Ω–∞ –∏—Ö –¥–æ–ª–∂–Ω–æ—Å—Ç—å –≤–æ—Ç —Ç–æ–≥–¥–∞ —Ç–æ–ª–∫ –±—É–¥–µ—Ç
89	–ë–ª—è—è —É –Ω–∏—Ö —Ç–∞–º –≤–µ—Å–µ–ª–æ:( –Ø –∫–∞–∫ –ª–æ—Ö –µ–±–∞–Ω–Ω—ã–π –≤ —ç—Ç–æ–π –¥—ã—Ä–µ —Å–∏–∂—É:(–ö–∞–∫ –≤—Å–µ –±–µ—Å–∏—Ç—Ç:(–ö –Ω–∏–º —Ö–æ—á—É—É:(–°–∏–ª—å–Ω–æ —Ö–æ—á—É—É–ó–∞–µ–±–∞–ª–∞ —ç—Ç–∞ –¥—ã—Ä–∞:(	–û–Ω–∏ —Ç–∞–º –≤–µ—Å–µ–ª—è—Ç—Å—è, –∞ –º–Ω–µ –ø—Ä–∏—Ö–æ–¥–∏—Ç—Å—è —Å–∏–¥–µ—Ç—å –∑–¥–µ—Å—å, –æ—á–µ–Ω—å –≥—Ä—É—Å—Ç–Ω–æ –∏ —Ö–æ—á–µ—Ç—Å—è –≤—ã—Ä–≤–∞—Ç—å—Å—è –∫ –Ω–∏–º
90	–≤–æ—Ç –∫–∞–∫–æ–π —Å–æ–≤–µ—Ç –º–æ–∂–µ—Ç –¥–∞—Ç—å —ç—Ç–∞ —à–∞–ª–∞–≤–∞	–í–æ—Ç –∫–∞–∫–æ–π –æ–Ω–∞ –º–æ–∂–µ—Ç –¥–∞—Ç—å —Å–æ–≤–µ—Ç?
91	–≤—Å–µ –º—É–¥–∞–∫–∏ –∏ –Ω–µ —Ö–æ—Ç—è—Ç —Å–æ –º–Ω–æ–π –≤ –∞–∫–≤–∞–ø–∞—Ä–∫((	–ù–∏–∫—Ç–æ –Ω–µ —Ö–æ—á–µ—Ç —Å–æ –º–Ω–æ–π –≤ –∞–∫–≤–∞–ø–∞—Ä–∫
92	–¢–´ –î–ê–ñ–ï –ù–ï –ó–ù–ê–ï–®–¨ –ê–ú–ê–ù–î–£, –õ–û–•	–¢–´ –î–ê–ñ–ï –ù–ï –ó–ù–ê–ï–®–¨ –ê–ú–ê–ù–î–£
93	–±–ª—è –ø–∏–∑–¥–µ—Ü –∫–∞–∫ –º–Ω–µ –ø–ª–æ—Ö–æ(((( —É–∂—Å(((( –ë–æ—à–∫–∞ –±–æ–ª–∏—Ç –ø—Ä–æ—Å—Ç–æ —É–∂–∞—Å–Ω–æ((	–¢–∞–∫ –ø–ª–æ—Ö–æ, –∫–∞–∫ —Å–µ–π—á–∞—Å, –º–Ω–µ –µ—â–µ –Ω–µ –±—ã–ª–æ! –ì–æ–ª–æ–≤–∞ –±–æ–ª–∏—Ç –Ω–µ–≤–µ—Ä–æ—è—Ç–Ω–æ!
94	–∫–∞–∫–æ–º—É –±–æ–ª—å–Ω–æ–º—É –º–æ–π –Ω–µ–∑–¥–æ—Ä–æ–≤—ã–π –ø–∏–∑–¥–µ—Ü —Ç–∞–º –ø–æ–Ω—Ä–∞–≤–∏–ª—Å—è? –æ_–û	–ö–∞–∫–æ–º—É –±–æ–ª—å–Ω–æ–º—É –º–æ–µ –ø—Ä–æ–∏–∑–≤–µ–¥–µ–Ω–∏–µ –ø–æ–Ω—Ä–∞–≤–∏–ª–æ—Å—å?
95	–í–û–¢ –ò –ú–û–õ–û–î–ï–¶, –ß–¢–û–ë –ó–ê–í–¢–†–ê –ë–´–õ –ó–î–û–†–û–í	–ú–æ–ª–æ–¥–µ—Ü, —á—Ç–æ –± –∑–∞–≤—Ç—Ä–∞ –±—ã–ª –∑–¥–æ—Ä–æ–≤
96	–∫–æ—Ç –æ–Ω —á–æ –ø–∏–¥–∞—Ä —à—Ç–æ–ª–∏???? –ê —è –Ω–∞ –µ–≥–æ –∫–æ–Ω—Ü–µ—Ä—Ç —Ö–æ–¥–∏–ª–∞!!!! –¢–∞–∫–æ–µ –Ω–∞–¥–æ –Ω–∞ –±–∏–ª–µ—Ç–∞—Ö –ø–∏—Å–∞—Ç—å!! –ø–æ–ø—Ä–æ–±—ã–≤–∞–ª –±—ã –æ–Ω —Å–ø–µ—Ç—å –≤ –º–∏—á–µ—Ç–µ((((	–ê —è –Ω–∞ –µ–≥–æ –∫–æ–Ω—Ü–µ—Ä—Ç —Ö–æ–¥–∏–ª–∞!!! –¢–∞–∫–æ–µ –Ω–∞–¥–æ –Ω–∞ –±–∏–ª–µ—Ç–∞—Ö –ø–∏—Å–∞—Ç—å!! –ü–æ–ø—Ä–æ–±–æ–≤–∞–ª –±—ã –æ–Ω —Å–ø–µ—Ç—å –≤ –º–µ—á–µ—Ç–∏
97	–ª–µ–Ω–∏–≤—ã–µ —É—Ä–æ–¥—ã( –±—Ä–æ—Å–∏–ª–∏ –º–µ–Ω—è –æ–¥–Ω—É	–õ–µ–Ω–∏–≤—ã–µ –ª—é–¥–∏ ( –±—Ä–æ—Å–∏–ª–∏ –º–µ–Ω—è –æ–¥–Ω—É
98	–ö–æ–Ω–¥–µ–π —Å–ª–æ–º–∞–ª—Å—è. –ù–∞–º –ø–∏–∑–¥*—Ü!-( %^&amp;amp;#$	–ö–æ–Ω–¥–∏—Ü–∏–æ–Ω–µ—Ä —Å–ª–æ–º–∞–ª—Å—è. –ù–∞–º –∂–µ—Å—Ç—å
99	–£–≥–æ—Ä–∞–∑–¥–∏–ª–æ –∂–µ –º–µ–Ω—è –∑–∞–±–æ–ª–µ—Ç—å, –∫–∞–∫ –ø–æ—Å–ª–µ–¥–Ω–µ–π –ª–æ—Ö—É—à–∫–µ:—Å–•–æ–∂—É, —á–∏—Ö–∞—é, —Å–æ–ø–ª–∏ –ª–µ—Ç—è—Ç –≤–æ –≤—Å–µ —Å—Ç–æ—Ä–æ–Ω—ã –∏ –ø–∏–∑–¥–∏—Ü :—Å –ê –µ—â–µ –≥–æ—Ä–ª–æ –±–æ–ª–∏—Ç :(	–£–≥–æ—Ä–∞–∑–¥–∏–ª–æ –∂–µ –º–µ–Ω—è –∑–∞–±–æ–ª–µ—Ç—å. –•–æ–∂—É, —á–∏—Ö–∞—é, —Å–æ–ø–ª–∏ –ª–µ—Ç—è—Ç –≤–æ –≤—Å–µ —Å—Ç–æ—Ä–æ–Ω—ã, –∞ –µ—â–µ –≥–æ—Ä–ª–æ –±–æ–ª–∏—Ç :(
100	—Ä–∞–∑—Ä–∞–±–æ—Ç—á–∏–∫–∏ —Å—É–∫–∏ –¥–∞–π—Ç–µ —â–∏—Ç—ã. —á–µ–≥–æ –∑–∞ —Ö–µ—Ä—å. –ø–æ—Å–ª–µ–¥–Ω–∏–π –±–∞—Ä–∞–±–∞–Ω –≥–ª—é—á–∏—Ç –ø–æ—Å—Ç–æ—è–Ω–Ω–æ.	–†–∞–∑—Ä–∞–±–æ—Ç—á–∏–∫–∏, –¥–∞–π—Ç–µ —â–∏—Ç—ã, —á—Ç–æ –ø—Ä–æ–∏—Å—Ö–æ–¥–∏—Ç, –ø–æ—Å–ª–µ–¥–Ω–∏–π –±–∞—Ä–∞–±–∞–Ω –≥–ª—é—á–∏—Ç –ø–æ—Å—Ç–æ—è–Ω–Ω–æ
101	–ë–ª—è –∑–∞–≤—Ç—Ä–∞ —Å—Å–∞–Ω—ã–π —ç–∫–∑–∞–º–µ–Ω.–û—á–∫—É—é,–ø–∏–∑–¥–µ—Ü,–∏–±–æ –µ—Å–ª–∏ –Ω–µ —Å–¥–∞–º –±–∞—Ç—è —Å–µ–∫–∞—Ç–æ—Ä–æ–º –ø–∞–ª—å—Ü—ã –ø–æ–æ—Ç–∫—É—Å—ã–≤–∞–µ—Ç(	–ó–∞–≤—Ç—Ä–∞ —ç–∫–∑–∞–º–µ–Ω. –û—á–µ–Ω—å –±–æ—é—Å—å –∏–±–æ –µ—Å–ª–∏ –Ω–µ —Å–¥–∞–º –ü–∞–ø–∞ —Ä–∞–∑–æ–∑–ª–∏—Ç—Å—è
102	–ú–æ–∂–µ—Ç –æ–Ω–∞ –ø—Ä–æ—Å—Ç–æ —Ç–≤–æ–π –Ω–æ–º–µ—Ä –¥–∞–ª–∞ —Ö–∞—á–∞–º?	–ú–æ–∂–µ—Ç –æ–Ω–∞ –ø—Ä–æ—Å—Ç–æ –¥–∞–ª–∞ —Ç–≤–æ–π –Ω–æ–º–µ—Ä –∫–æ–º—É-—Ç–æ
103	–Ω—É –±–ª—è—è—è, –æ–Ω –µ—â–µ –∏ –∏–∑–¥–µ–≤–∞–µ—Ç—Å—è. –°—É—á–∫–∞.((	–û–Ω –µ—â—ë –∏ –∏–∑–¥–µ–≤–∞–µ—Ç—Å—è
104	–ü—Ä–æ–µ–±–∞–ª —Ç–µ–ª–µ—Ñ–æ–Ω, –Ω–∞ —ç—Ç–æ—Ç —Ä–∞–∑ –ø–æ –Ω–∞—Å—Ç–æ—è—â–µ–º—É ;-(((((((((((((((((((((((((((((( –ù—É —á—Ç–æ –∑–∞ –ª—é–¥–∏, –±–ª—è–¥—å.	–ü–æ—Ç–µ—Ä—è–ª —Ç–µ–ª–µ—Ñ–æ–Ω, –≤ —ç—Ç–æ—Ç —Ä–∞–∑ –ø–æ –Ω–∞—Å—Ç–æ—è—â–µ–º—É.
105	–∫–∞–∫–æ–π –Ω–∞—Ö—É–π —Å–æ—á–∏–Ω–µ–Ω–∏–µ, –Ω–∞–¥–æ –¥–∏–ø–ª–æ–º–Ω—É—é –ø–∏—Å–∞—Ç—å(	–ö–∞–∫–æ–µ –µ—â–µ —Å–æ—á–∏–Ω–µ–Ω–∏–µ, –Ω–∞–¥–æ –¥–∏–ø–ª–æ–º–Ω—É—é –ø–∏—Å–∞—Ç—å...
106	–¥—å—è–≤–æ–ª –≥–æ—Ä–µ—Ç—å –µ–º—É –≤ –∞–¥—É	–û–Ω –±—É–¥–µ—Ç –Ω–∞–∫–∞–∑–∞–Ω –í—ã—Å—à–∏–º –°—É–¥–æ–º.
107	–ú—ã —Å–æ—Ö—Ä–∞–Ω–∏–ª–∏ —Ç–≤–æ–π –¥–æ–Ω–æ—Å, –º—Ä–∞–∑—å —Ñ–∞—à–∏—Å—Ç—Å–∫–∞—è!(((	–ú—ã —Å–æ—Ö—Ä–∞–Ω–∏–ª–∏ —Ç–≤–æ–π –¥–æ–Ω–æ—Å,
108	–°–∞—à–∫–∞ –±–ª—è—è—è—è—è,–¥–∞ –Ω—É –Ω–∞—Ö–µ—Ä, –Ω—É  –∫–∞–∫ —Ç–∞–∫, –ø–∏–∑–¥–µ—Ü :(((((((((	–°–∞—à–∫–∞ –∑–∞—á–µ–º? –ù—É –∫–∞–∫ —Ç–∞–∫
109	–∫–Ω–æ—á–µ–Ω—ã–µ –ø–∏–¥–æ—Ä–∞—Å—ã –∫—É–¥–∞ —Å–º–æ—Ç—Ä–∏–º –º—ã —Ç–æ–µ—Å—Ç—å –Ω–∞—Ä–æ–¥	–∫—É–¥–∞ —Å–º–æ—Ç—Ä–∏–º –º—ã —Ç–æ–µ—Å—Ç—å –Ω–∞—Ä–æ–¥
110	–ø–ø—Ü –ø–æ–ª–Ω—ã–π —á–µ –¥–µ–±–∏–ª–∏ —á—Ç–æ –ª–∏ .:s	–¢—Ä–µ—à –ø–æ–ª–Ω—ã–π! –í—ã –° —É–º–∞ —á—Ç–æ –ª–∏ –ø–æ—Å—Ö–æ–¥–∏–ª–∏ –≤—Å–µ
111	–≤ —Å—à–∞ –ø–æ—Ä—è–¥–∫–∞ –º–µ–Ω—å—à–µ —á–µ–º –≤ —Ä–æ—Å—Å–∏–∏? –µ—Å–ª–∏ –≤—ã —ç—Ç–æ –±—É–¥–µ—Ç–µ —É—Ç–≤–µ—Ä–∂–¥–∞—Ç—å, —Ç–æ –¥–∞–∂–µ –≤–∞—Ç–Ω—ã–µ –¥–µ–±–∏–ª—ã –Ω–µ –≤—Å–µ –≤–∞–º –ø–æ–≤–µ—Ä—è—Ç.	–í –°–®–ê –ø–æ—Ä—è–¥–∫–∞ –º–µ–Ω—å—à–µ —á–µ–º –≤ –†–æ—Å—Å–∏–∏? –ï—Å–ª–∏ –≤—ã —ç—Ç–æ –±—É–¥–µ—Ç–µ —É—Ç–≤–µ—Ä–∂–¥–∞—Ç—å, —Ç–æ –Ω–∏–∫—Ç–æ –≤–∞–º –Ω–µ –ø–æ–≤–µ—Ä–∏—Ç
112	–¥—Ä—É–∂–æ–∫ –Ω–∞—Å –±–æ–ª—å—à–∏–Ω—Å—Ç–≤–æ –∑–∞ –ø—Ä–µ–∑–∏–¥–µ–Ω—Ç–∞ –∏ —Ç–µ–±—è –æ–≥–æ—Ä—á—É –±–µ–¥–æ–ª–∞–≥–∞ –ø—Ä–∏–¥–µ—Ç—Å—è –∏ —Ç–µ–±–µ –∂–∏—Ç—å –ø—Ä–∏ –ø—É—Ç–∏–Ω–µ —Ç—Ä–æ–ª—å –µ–±–∞–Ω–∞—è.	–¥—Ä—É–∂–æ–∫ –Ω–∞—Å –±–æ–ª—å—à–∏–Ω—Å—Ç–≤–æ –∑–∞ –ø—Ä–µ–∑–∏–¥–µ–Ω—Ç–∞ –∏ —Ç–µ–±—è –æ–≥–æ—Ä—á—É, –ø—Ä–∏–¥–µ—Ç—Å—è –∏ —Ç–µ–±–µ –∂–∏—Ç—å –ø—Ä–∏ –ø—É—Ç–∏–Ω–µ
113	–ë–ª–∏–Ω –Ω–µ –ø–æ–π–¥—É –Ω–∞ —ç—Ç–∏ —Ä–æ–∑–±–æ—Ä–∫–∏(((–¢–µ–º–ø–µ—Ä–∞—Ç—É—Ä–∞(((–•–æ—á—É –∑–Ω–∞—Ç—å —á—Ç–æ —ç—Ç–∞ –∑–∞ —à–ª—é—Ö–∞ –∏–ª–∏ –¥–æ–ª–±–æ–µ–±.	–ë–ª–∏–Ω –Ω–µ –ø–æ–π–¥—É –Ω–∞ —ç—Ç–∏ —Ä–æ–∑–±–æ—Ä–∫–∏(((–¢–µ–º–ø–µ—Ä–∞—Ç—É—Ä–∞((( –•–æ—á—É –∑–Ω–∞—Ç—å —á—Ç–æ —ç—Ç–∞ –∑–∞ –¥–µ–≤—É—à–∫–∞ –∏–ª–∏ –º—É–∂—á–∏–Ω–∞
114	–º—ã –±—ã–ª–∏ —Å–∞–º—ã–µ –∫—Ä—É—Ç—ã–µ –∏ –Ω–∞–º –¥–∞–ª–∏ –ø–æ—Å–ª–µ–¥–Ω–µ–µ –º–µ—Å—Ç–æ —Å—É–∫–∏ (	–º—ã –±—ã–ª–∏ —Å–∞–º—ã–µ –∫—Ä—É—Ç—ã–µ –∏ –Ω–∞–º –¥–∞–ª–∏ –ø–æ—Å–ª–µ–¥–Ω–µ–µ –º–µ—Å—Ç–æ
115	–£ –º–µ–Ω—è –ø–æ–ø–∞ –±–æ–ª–∏—Ç :(–í—Å—ë –ø–æ—Ç–æ–º—É —á—Ç–æ —è –∫–∞–∫ –±—Ä–µ–≤–Ω–æ –Ω–∞ –ª—å–¥—É!–ù–µ–ø–æ–≤–æ—Ä–æ—Ç–ª–∏–≤–∞—è –ø–∏–∑–¥–∞	–£ –º–µ–Ω—è –ø–æ–ø–∞ –±–æ–ª–∏—Ç :(–í—Å—ë –ø–æ—Ç–æ–º—É —á—Ç–æ —è –∫–∞–∫ –±—Ä–µ–≤–Ω–æ –Ω–∞ –ª—å–¥—É!–ù–µ–ø–æ–≤–æ—Ä–æ—Ç–ª–∏–≤–∞—è
116	–ü–∑–¥—Ü –≤–∞—Ç–∞, —Ö—É–¥—à–∏–µ –Ω–æ–≤–æ–≥–æ–¥–Ω–∏–µ –∫–∞–Ω–∏–∫—É–ª—ã :( –∏–¥–∏—Ç–µ –Ω–∞—Ö—É–π-—è  –æ–±–∏–¥–µ–ª–∞—Å—å	–•—É–¥—à–∏–µ –Ω–æ–≤–æ–≥–æ–¥–Ω–∏–µ –∫–∞–Ω–∏–∫—É–ª—ã. –Ø –æ–±–∏–¥–µ–ª–∞—Å—å, –æ—Ç—Å—Ç–∞–Ω—å—Ç–µ
117	–ü–û–≠–ú–´ –ù–ï–ö–†–ê–°–û–í–ê - –≠–¢–û –ñ–ï–°–¢–¨! –Ø –ß–ò–¢–ê–Æ –£–ñ–ï 141 –°–¢–† –ò –ù–ò–•–ï–†–ê –ù–ï –ü–û–ù–ò–ú–ê–Æ –û –ß–Å–ú –ù–ê–ü–ò–°–ê–ù–û. –≠–¢–û –í–´–ù–û–° –ú–û–ó–ì–ê ;(	–ü–û–≠–ú–´ –ù–ï–ö–†–ê–°–û–í–ê - –≠–¢–û –ñ–ï–°–¢–¨! –Ø –ß–ò–¢–ê–Æ –£–ñ–ï 141 –°–¢–† –ò –ù–ò—á–µ–≥–æ –ù–ï –ü–û–ù–ò–ú–ê–Æ –û –ß–Å–ú –ù–ê–ü–ò–°–ê–ù–û. –≠–¢–û –í–´–ù–û–° –ú–û–ó–ì–ê ;(
118	–ë–õ–ò–ù! –í –û–ú–°–ö–ï –£–ñ–ï –¢–ê–ö –¢–ï–ú–ù–û‚Ä¶ –ê –ú–ù–ï –ù–ê –ú–ê–†–ö–°–ê –ü–†–ï–¢–¨–°–Ø(	–í –û–º—Å–∫–µ —É–∂–µ –æ—á–µ–Ω—å —Ç–µ–º–Ω–æ, –∞ –º–Ω–µ –Ω—É–∂–Ω–æ –¥–æ–±—Ä–∞—Ç—å—Å—è –¥–æ –ú–∞—Ä–∫—Å–∞
119	–∏ —Ç—ã –ø–∞–¥–ª–∞, –¥–∞–ª –±—ã –º–Ω–µ —Å–≤–æ—é –Ω–æ—Ä–º —Å—Ç—Ä–∞–Ω–∏—Ü—É :-(–∞ –Ω–µ —Ä–æ–ª–µ–≤–∏–∫ -_-	–ò —Ç—ã –¥–∞–ª –±—ã –º–Ω–µ —Å–≤–æ—é –Ω–æ—Ä–º —Å—Ç—Ä–∞–Ω–∏—Ü—É –∞ –Ω–µ —Ä–æ–ª–µ–≤–∏–∫
120	–Ø –ù–ò –ö–ò–†–ê–°–ò–ù, –ë–õ–ò–ê–¢–¨(999(9((((( –°–ö–ê–ü–ó–î–¶	—è –Ω–∏ –∫–∏—Ä–∞—Å–∏–Ω(999(9(((((–ø–∏–ø–µ—Ü
121	–≤–æ–æ–±—â–µ –ø–∏–∑–¥–µ—Ü,—â–∞—Å —Å–æ–±–∞–∫–∞ –µ–≥–æ –¥–æ–µ–ª–∞:(	—â–∞—Å —Å–æ–±–∞–∫–∞ –µ–≥–æ –¥–æ–µ–ª–∞
122	—Ç—è–Ω—É—Ç –≤—Ä–µ–º—è –∞ —Å—Ä–æ–∫ –∏–¥—ë—Ç –Ω–∞ —Å–≤–æ–±–æ–¥–µ , —Ç–≤–∞—Ä–∏ –±–ª—è–¥—å,–∂—Ä—ë—Ç —á–æ —Ö–æ—á–µ—Ç —Å—Ä—ë—Ç –∫–∞–∫ —Ö–æ—á–µ—Ç.—Å–ø–∏—Ç —Ç–≤–∞—Ä—å –≤ –∫—Ä–æ–≤–∞—Ç–∏,	–¢—è–Ω—É—Ç –≤—Ä–µ–º—è, –∞ —Å—Ä–æ–∫ –∏–¥—ë—Ç –Ω–∞ —Å–≤–æ–±–æ–¥–µ. –ï–¥—è—Ç –∏ —Å–ø—è—Ç –≤ –∫–æ–º—Ñ–æ—Ä—Ç–µ, –∂–∏–≤—É—Ç –∫–∞–∫ —Ö–æ—Ç—è—Ç.
123	–Ω—É —á–æ. –ë–£–î–£ –í–ê–ú –†–û–ì–ê –û–¢–ë–ò–í–ê–¢–¨!(–∫–∞–∫ –∏–Ω–∞—á–µ –º–∏—Ä —Å–æ—Ö—Ä–∞–Ω—è—Ç—å???....—Å—Ç–∞—Ä—ã–µ —Ä–µ—à–µ–Ω–∏—è –∏ –∑–Ω–∞–Ω–∏—è –£–ñ–ï –ù–ï –†–ï–®–ê–Æ–¢ –°–ï–ì–û–î–ù–Ø–®–ù–ò–ï –ë–ï–î–´!–∞ –¥—Ä–∞—Ü–∞ –Ω–µ –ª—é–±–ª—é(	–Ω—É —á–æ. –ë–£–î–£ –í–ê–ú –£–ü–ï–†–¢–û–°–¢–¨ –û–¢–ë–ò–í–ê–¢–¨!(–∫–∞–∫ –∏–Ω–∞—á–µ –º–∏—Ä —Å–æ—Ö—Ä–∞–Ω—è—Ç—å???....—Å—Ç–∞—Ä—ã–µ —Ä–µ—à–µ–Ω–∏—è –∏ –∑–Ω–∞–Ω–∏—è –£–ñ–ï –ù–ï –†–ï–®–ê–Æ–¢ –°–ï–ì–û–î–ù–Ø–®–ù–ò–ï –ë–ï–î–´!–∞ –¥—Ä–∞—Ü–∞ –Ω–µ –ª—é–±–ª—é(
124	—Ö–æ—Ä–æ—à–æ –ø–∏–∑–¥—ã –Ω–µ –ø–æ–ª—É—á–∏–ª —É—ë–±–æ–∫	–•–æ—Ä–æ—à–æ –Ω–µ –Ω–∞–∫–∞–∑–∞–ª–∏
125	–ß–ê–°–´ –°–°–û–†–´ –ò–ó-–ó–ê –¢–û–ì–û –ß–¢–û –ò–î–ò–û–¢–ö–ò –°–õ–ï–ü–´–ï –•–ê–•–ê–•–ê–•–ê–•–ê–•–ê–•	–ß–ê–°–´ –°–°–û–†–´ –ò–ó-–ó–ê –¢–û–ì–û –ß–¢–û –æ–Ω–∏ –°–õ–ï–ü–´–ï –•–ê–•–ê–•–ê–•–ê–•–ê–•–ê–•
126	–ó–∞—á–µ–º —Ç–æ–≥–¥–∞ —Ç–≤–æ–∏ –≤—Å–∫—É–∫–∞—Ä–µ–∫–∏ –ê –í–û–¢ –£ –•–û–•–õ–û–í... ?	–ó–∞—á–µ–º —Ç–æ–≥–¥–∞ –≤—Å–µ —Ç–≤–æ–∏ –≤—ã—Å–∫–∞–∑—ã–≤–∞–Ω–∏—è?
127	–µ–±–∞–Ω–∞—è –≥–µ–æ–º–µ—Ç—Ä–∏—è , –Ω–µ —á—ë –Ω–µ –ø–æ–ª—É—á–∞–µ—Ç—Å—è(	–ì—Ä√´–±–∞–Ω–Ω–∞—è –≥–µ–æ–º–µ—Ç—Ä–∏—è, –Ω–∏—á–µ–≥–æ –Ω–µ –ø–æ–ª—É—á–∞–µ—Ç—Å—è
128	—É–±–µ—Ä–∏—Ç–µ —ç—Ç–æ–≥–æ –ø–∏–¥–æ—Ä–∞ —Å.–ª–µ–Ω—Ç—ã –≤–∏–¥–µ—Ç—å –Ω–µ –º–æ–≥—É —ç—Ç—É –æ–±–µ–∑—å—è–Ω—É	–ü–æ–∂–∞–ª—É–π—Å—Ç–∞ —É–±–µ—Ä–∏—Ç–µ —ç—Ç–æ–≥–æ —á–µ–ª–æ–≤–µ–∫–∞ –∏–∑ –ª–µ–Ω—Ç—ã. –Ø –µ–≥–æ –≤–∏–¥–µ—Ç—å –Ω–µ –º–æ–≥—É.
129	–Ø –ø–∏–∑–¥–µ—Ü –∫–∞–∫ –∑–∞–º—ë—Ä–∑–ª–∞:( –ì–æ–ª–æ–≤–∞ –±–æ–ª–∏—Ç, –∞ –µ—â—ë —É—Ä–æ–∫–∏ –Ω–µ —É—á–∏–ª–∞..	–Ø —Å–∏–ª—å–Ω–æ –∑–∞–º—ë—Ä–∑–ª–∞:( –ì–æ–ª–æ–≤–∞ –±–æ–ª–∏—Ç, –∞ –µ—â—ë —É—Ä–æ–∫–∏ –Ω–µ —É—á–∏–ª–∞..
130	–ø—Ä–∏–¥—É—Ä–∫–∏ –æ—à–∏–±–∫—É –ø–µ—Ä–µ–ø–µ—á–∞—Ç—ã–≤–∞—é—Ç –∫–∞–∂–¥—ã–π —Ä–∞–∑ –≤ –º–µ—Å—Ç–æ,–æ—Ç–∫—Ä–æ–≤–µ–Ω–Ω–æ –≥–æ–≤–æ—Ä—è—Ç, –ø–µ—á–∞—Ç–∞—é—Ç –æ—Ç–∫—Ä–æ–≤–µ–Ω–Ω–æ –≥–æ–≤–æ—Ä—è,–ø—Ä–∏–¥—É—Ä–∫–∏ –≤–∏–¥–∏–º–æ –Ω–µ –∑—Ä—è	–û—à–∏–±–∫—É –ø–µ—Ä–µ–ø–µ—á–∞—Ç—ã–≤–∞—é—Ç –∫–∞–∂–¥—ã–π —Ä–∞–∑ –≤ –º–µ—Å—Ç–æ, –æ—Ç–∫—Ä–æ–≤–µ–Ω–Ω–æ –≥–æ–≤–æ—Ä—è—Ç, –ø–µ—á–∞—Ç–∞—é—Ç –æ—Ç–∫—Ä–æ–≤–µ–Ω–Ω–æ –≥–æ–≤–æ—Ä—è. –í–∏–¥–∏–º–æ, –Ω–µ –∑—Ä—è.
131	–¥—É—Ä–∞–∫ —Ç—ã –ø–∏–∑–¥–æ–≥–ª–∞–∑—ã–π,–Ω –∏ –≤–∏–¥–∏—à—å,—á—Ç–æ —Ç–≤–æ—Ä–∏—Ç—Å—è ,–∞–≤—Ä–æ—Ä–µ –ø—É—Ç—å,–∏ –±—Ä–æ–Ω–µ–≤–∏–∫—É!	–Ω–µ –≤–∏–¥–∏—à—å , —á—Ç–æ —Ç–≤–æ—Ä–∏—Ç—Å—è, –Ω–∞–∑—Ä–µ–≤–∞–µ—Ç —Ä–µ–≤–æ–ª—é—Ü–∏—è
132	–°–£–ö–ò! –û–ø—è—Ç—å —Å–≤–µ—Ç –≤—ã—Ä—É–±–∞–ª–∏! :(	–û–ø—è—Ç—å —Å–≤–µ—Ç –≤—ã—Ä—É–±–∞–ª–∏! :(
133	–∫—Ç–æ –Ω–µ –±—É–¥–µ—Ç –Ω–æ—Å–∏—Ç—å –º–∞—Å–∫–∞, –±—É–¥–µ—Ç –ø–æ–≤–µ—à–µ–Ω –Ω–∞ –¥–ª–∏–Ω–Ω–æ–π –≤–µ—Ä–µ–≤–∫–∞! —Ç—å—Ñ—É.	–ö—Ç–æ –Ω–µ –±—É–¥–µ—Ç –Ω–æ—Å–∏—Ç—å –º–∞—Å–∫—É, –±—É–¥–µ—Ç –Ω–∞–∫–∞–∑–∞–Ω
134	–ù–µ—Ç, –ø—Ä–æ—Å—Ç–æ –ø—ã–Ω—å–∫–∏-–≥–æ–±–ª—è–¥–∏ –¥–∞–∂–µ –¥–∏—Å–ª–∞–π–∫–∏ –Ω–∞–∫—Ä—É—Ç–∏—Ç—å –Ω–æ—Ä–º–∞–ª—å–Ω–æ –Ω–µ —Å–ø–æ—Å–æ–±–Ω—ã.	–î–∞–∂–µ –¥–∏—Å–ª–∞–π–∫–∏ –Ω–∞–∫—Ä—É—Ç–∏—Ç—å –Ω–æ—Ä–º–∞–ª—å–Ω–æ –Ω–µ —Å–ø–æ—Å–æ–±–Ω—ã
135	-–°–∫–∞–∂–∏ 300!-–¢—Ä–∏ —Å–æ—Ç–Ω–∏.-–°—É–∫–∞,–ø–∞–¥–ª–∞ –µ–±–∞–Ω–∞—è(((	-–°–∫–∞–∂–∏ 300!-–¢—Ä–∏ —Å–æ—Ç–Ω–∏.(((
136	—è –æ—Ç–ø—Ä–∞–≤–∏–ª —ç—Ç–æ–≥–æ —É—Ä–æ–¥–∞ –≤ –±–∞–Ω—é	–Ø –æ—Ç–ø—Ä–∞–≤–∏–ª –µ–≥–æ –≤ –±–∞–Ω—é
137	, –ë–õ–Ø–î–¨. –ü–æ–∑–∞–≤—á–µ—Ä–∞ –ø–æ—Ç—Ä–∞—Ç–∏–ª–∞ —Ç–∞–º —Ç—ã—Å—è—á–Ω—ã–π —Å–µ—Ä—Ç–∏—Ñ–∏–∫–∞—Ç( –û–ë–ò–î–ê–ó–ê–í–ò–°–¢–¨	–ü–æ–∑–∞–≤—á–µ—Ä–∞ –ø–æ—Ç—Ä–∞—Ç–∏–ª–∞ —Ç–∞–º —Ç—ã—Å—è—á–Ω—ã–π —Å–µ—Ä—Ç–∏—Ñ–∏–∫–∞—Ç. –ú–Ω–µ –æ–±–∏–¥–Ω–æ –∏ –∑–∞–≤–∏–¥–Ω–æ.
138	–¥–∞–∂–µ –º—É—Ö–∏ –µ–±—É—Ç—å—Å—è...–∞ —è –Ω–µ—Ç((	–î–∞–∂–µ —É –º—É—Ö –µ—Å—Ç—å —Å–µ–∫—Å, –∞ —É –º–µ–Ω—è –Ω–µ—Ç
139	–¥–∞–∂–µ –ø–∏—Ä–æ–≥–∏ —É –∞–º–µ—Ä–∏–∫–æ—Å–æ–≤ –ø–æ–≥–∞–Ω—ã–µ, –≤—ã–∑—ã–≤–∞—é—Ç —Ç–æ–ª—å–∫–æ –æ—Ç–≤—Ä–∞—â–µ–Ω–∏–µ	–¥–∞–∂–µ –ø–∏—Ä–æ–≥–∏ —É –∞–º–µ—Ä–∏–∫–∞–Ω—Ü–µ–≤ –Ω–µ–≤–∫—É—Å–Ω—ã–µ, –Ω–µ –≤—ã–∑—ã–≤–∞—é—Ç –∂–µ–ª–∞–Ω–∏–µ –µ—Å—Ç—å
